{"1": [1773622500.4494796, 10], "2": [1773630900.4939775, 7], "3": [0, -1], "4": [0, -1], "5": [0, -1], "6": [0, -1], "7": [0, -1], "8": [0, -1], "9": [0, -1], "10": [0, -1]}